,wikidata,coord,osmid
0,Q107098707,,
1,Q107152077,,
2,Q107152185,,
4,Q12316102,,
5,Q12330411,,
6,Q12335052,,
9,Q2933430,,
10,Q3236819,,
12,Q107085180,,
13,Q107163762,,
14,Q107122924,,
15,Q107117743,,
17,Q107117614,,
18,Q107099014,,
19,Q107092944,,
20,Q107094164,,
21,Q107076748,,
22,Q107111222,,
23,Q107074351,,
24,Q107117709,,
25,Q107074684,,
26,Q107103499,,
27,Q107122706,,
28,Q107122715,,
29,Q107122734,,
30,Q107074352,,
31,Q107077691,,
32,Q107105837,,
33,Q107076746,,
34,Q107105875,,
35,Q107103745,,
36,Q48743664,,
37,Q107105900,,
38,Q107094108,,
40,Q107125753,,
41,Q107097748,,
42,Q107098898,,
43,Q107118554,,
44,Q107122885,,
46,Q107150521,,
47,Q107150562,,
48,Q107103754,,
49,Q107122897,,
50,Q107099063,,
51,Q107105246,,
52,Q107124543,,
53,Q107118097,,
54,Q107098839,,
55,Q107118655,,
56,Q12304896,,
58,Q107111328,,
59,Q4885971,,
60,Q5018263,,
63,Q107111458,,
65,Q107108622,,
66,Q107130700,,
67,Q107092045,,
68,Q107105383,,
69,Q107108673,,
70,Q107074347,,
71,Q107153984,,
72,Q107097968,,
74,Q107077696,,
75,Q107103848,,
76,Q107108644,,
77,Q107108586,,
78,Q107099668,,
79,Q107103809,,
80,Q107110080,,
81,Q107110071,,
82,Q107085189,,
83,Q107074679,,
84,Q107074680,,
85,Q107111775,,
86,Q107111741,,
87,Q107103733,,
88,Q107150580,,
89,Q107076742,,
90,Q107076740,,
91,Q11813268,,
92,Q107100308,,
93,Q107077702,,
94,Q107077685,,
95,Q107108610,,
97,Q107122662,,
98,Q107118664,,
99,Q107108664,,
100,Q107076750,,
101,Q107147745,,
102,Q107122816,,
104,Q3393664,,
105,Q107076124,,
106,Q107076125,,
107,Q107076126,,
108,Q107118414,,
109,Q107123034,,
110,Q107125894,,
111,Q107163567,,
112,Q107110976,,
113,Q107117640,,
114,Q107108774,,
115,Q107110092,,
116,Q107103520,,
117,Q107108742,,
118,Q107108784,,
119,Q107110181,,
122,Q107098740,,
123,Q107117661,,
124,Q107117666,,
125,Q107094228,,
126,Q107097514,,
127,Q107097576,,
128,Q107151865,,
129,Q107117923,,
130,Q107076743,,
131,Q107122304,,
132,Q107074345,,
133,Q107094227,,
134,Q107077704,,
135,Q107074344,,
136,Q107111786,,
137,Q107103720,,
138,Q107103427,,
139,Q107154854,,
140,Q107094107,,
141,Q107117790,,
142,Q107094100,,
144,Q107111694,,
145,Q107111798,,
146,Q107104293,,
147,Q107166815,,
148,Q107105281,,
149,Q107085177,,
150,Q107118104,,
151,Q107111448,,
152,Q107123024,,
153,Q107074682,,
154,Q107074683,,
155,Q107076739,,
156,Q107074681,,
157,Q107097754,,
158,Q107118648,,
159,Q107098963,,
160,Q107085181,,
161,Q107118056,,
162,Q107145813,,
163,Q107103509,,
164,Q107124859,,
165,Q107076752,,
166,Q107076753,,
167,Q107146356,,
168,Q107150548,,
169,Q107122981,,
170,Q107085183,,
172,Q107103840,,
173,Q107122721,,
174,Q107085187,,
176,Q107094101,,
177,Q107110061,,
178,Q107151298,,
179,Q107094102,,
180,Q107075281,,
181,Q107098528,,
182,Q107122426,,
183,Q107122380,,
184,Q107122413,,
185,Q107122524,,
186,Q107122515,,
187,Q107100398,,
188,Q107122358,,
189,Q107122502,,
190,Q107122439,,
191,Q107122396,,
192,Q107122403,,
193,Q107122543,,
194,Q107099928,,
195,Q107140635,,
196,Q107123043,,
197,Q107123028,,
198,Q107099041,,
199,Q107085184,,
200,Q107122655,,
201,Q107125056,,
202,Q107103728,,
203,Q107097652,,
204,Q107097612,,
205,Q107097693,,
206,Q107098039,,
207,Q107097721,,
208,Q107097543,,
209,Q107097930,,
210,Q107098011,,
211,Q107096317,,
212,Q107113016,,
213,Q107113041,,
214,Q107094103,,
215,Q107076122,,
216,Q107076123,,
217,Q107076121,,
218,Q107076119,,
219,Q107076120,,
220,Q10352618,,
221,Q107145846,,
222,Q107077692,,
223,Q107113053,,
224,Q6507276,,
225,Q107094221,,
226,Q107103868,,
228,Q107075275,,
229,Q107075274,,
230,Q107118274,,
231,Q107111053,,
232,Q107099558,,
233,Q107077689,,
234,Q107092042,,
235,Q107094104,,
236,Q107110931,,
237,Q107100223,,
238,Q107111095,,
239,Q107111151,,
240,Q107111183,,
241,Q107103622,,
242,Q107094105,,
243,Q107145802,,
244,Q107076741,,
245,Q107118631,,
246,Q107077700,,
247,Q107075282,,
248,Q107076749,,
250,Q107111654,,
251,Q107097762,,
252,Q107111955,,
254,Q107103585,,
255,Q107099808,,
256,Q107122532,,
258,Q107122699,,
259,Q107125617,,
260,Q107163983,,
261,Q107103552,,
262,Q107123057,,
263,Q107118251,,
264,Q107110149,,
265,Q107094106,,
266,Q107100247,,
268,Q107085178,,
269,Q107147716,,
270,Q107098640,,
271,Q107123151,,
272,Q107085190,,
273,Q107153811,,
275,Q107076751,,
276,Q107075277,,
277,Q107124869,,
278,Q107123079,,
279,Q107123087,,
280,Q107075276,,
281,Q107085179,,
282,Q107145763,,
283,Q107094219,,
284,Q107094230,,
285,Q107104252,,
286,Q17347180,,
287,Q3390889,,
288,Q107122795,,
289,Q107144769,,
290,Q4170274,,
291,Q107144740,,
292,Q107144755,,
293,Q107144487,,
294,Q107094224,,
295,Q107094226,,
296,Q107077695,,
298,Q107105804,,
299,Q107077686,,
300,Q107094225,,
301,Q107092037,,
303,Q107117631,,
310,Q10352644,,
314,Q10352944,,
315,Q7237784,,
317,Q107125646,,
318,Q107111263,,
319,Q107099513,,
320,Q107123145,,
321,Q107125472,,
322,Q107125741,,
323,Q107125839,,
324,Q107111845,,
325,Q107117651,,
326,Q107123902,,
327,Q107098927,,
328,Q107111731,,
329,Q107105815,,
330,Q107075283,,
331,Q107105821,,
332,Q107108630,,
333,Q107123020,,
334,Q107077688,,
335,Q107077687,,
336,Q107099487,,
338,Q107094222,,
339,Q107075278,,
340,Q107105829,,
341,Q107077701,,
342,Q107097646,,
343,Q107100375,,
344,Q107122777,,
345,Q107099741,,
346,Q107131876,,
347,Q107131863,,
348,Q107074354,,
349,Q107111723,,
350,Q107105885,,
351,Q107077699,,
352,Q107098588,,
353,Q107105408,,
354,Q107077703,,
355,Q107118110,,
356,Q107117888,,
357,Q107077690,,
358,Q107117902,,
359,Q107118139,,
360,Q107092043,,
361,Q107122864,,
362,Q107076745,,
363,Q107074353,,
364,Q107108722,,
365,Q107111394,,
366,Q107105857,,
367,Q107112915,,
368,Q107111992,,
369,Q107131006,,
370,Q107092040,,
371,Q107122678,,
372,Q107122752,,
373,Q107111823,,
374,Q107111966,,
375,Q107098575,,
376,Q107163871,,
378,Q107108735,,
379,Q107077694,,
380,Q107085192,,
381,Q107124527,,
382,Q107085182,,
383,Q107123133,,
384,Q107094096,,
385,Q107108753,,
386,Q107085186,,
387,Q107103372,,
388,Q97348531,,
389,Q107103773,,
390,Q107108709,,
391,Q107108681,,
392,Q107100344,,
393,Q107112540,,
394,Q107166763,,
395,Q107123066,,
396,Q107118090,,
397,Q107118067,,
398,Q107117858,,
399,Q107110200,,
400,Q107110175,,
401,Q107092038,,
402,Q107092041,,
403,Q107085185,,
404,Q107085193,,
405,Q107124558,,
406,Q4985079,,
407,Q107100270,,
408,Q107117729,,
409,Q107076744,,
410,Q107085191,,
411,Q107124960,,
412,Q107122637,,
413,Q107122650,,
414,Q107122644,,
415,Q107122554,,
416,Q107122629,,
417,Q107111071,,
418,Q107076738,,
419,Q107140663,,
420,Q107140682,,
421,Q107099431,,
422,Q107145828,,
424,Q107125403,,
425,Q107098678,,
426,Q107105312,,
427,Q107103397,,
428,Q107108573,,
429,Q107111811,,
430,Q107111706,,
431,Q107097488,,
432,Q107111716,,
433,Q107125656,,
434,Q107125670,,
435,Q107097784,,
436,Q107074350,,
437,Q107074348,,
438,Q107074349,,
439,Q107085194,,
442,Q107118567,,
443,Q107130760,,
455,Q106709184,,
459,Q106708747,,
460,Q107203626,,
468,Q106709070,,
469,Q106708712,,
471,Q106708053,,
475,Q106709346,,
479,Q106707993,,
481,Q106707741,,
484,Q107203652,,
485,Q106708894,,
496,Q106712080,,
506,Q106708074,,
508,Q106706938,,
513,Q106710762,,
515,Q107022118,,
516,Q106712072,,
518,Q106710012,,
519,Q106709034,,
520,Q106708885,,
521,Q106708804,,
522,Q106708451,,
524,Q106671673,,
529,Q106707518,,
530,Q106707777,,
533,Q24023324,,
534,Q106707982,,
535,Q106708707,,
538,Q106814427,,
539,Q106707743,,
540,Q106708880,,
541,Q106708518,,
542,Q106709737,,
543,Q106706956,,
544,Q106711654,,
546,Q106711867,,
548,Q106709325,,
549,Q10426879,,
551,Q106711624,,
558,Q106711971,,
559,Q106709345,,
569,Q106707098,,
570,Q106708944,,
571,Q106707100,,
572,Q106707059,,
573,Q106712054,,
574,Q106673659,,
578,Q106711387,,
582,Q106709997,,
589,Q106708235,,
591,Q106680400,,
592,Q106708790,,
595,Q106708640,,
596,Q106707508,,
598,Q106707735,,
599,Q106708307,,
600,Q106711680,,
609,Q106708126,,
611,Q106707757,,
612,Q106708091,,
614,Q106656544,,
615,Q106712036,,
619,Q106708328,,
620,Q106707922,,
621,Q106708808,,
622,Q106709293,,
623,Q106711866,,
624,Q106707808,,
629,Q106711959,,
630,Q106708660,,
631,Q106708315,,
632,Q106708189,,
633,Q106708312,,
634,Q106708316,,
635,Q106709017,,
638,Q106671686,,
639,Q106710204,,
641,Q106709343,,
642,Q106707603,,
644,Q106712039,,
645,Q106712293,,
647,Q106709726,,
648,Q106709407,,
649,Q106708188,,
650,Q106707125,,
654,Q106857892,,
656,Q106710457,,
664,Q106710406,,
665,Q106712048,,
667,Q106712178,,
670,Q106711992,,
671,Q106708684,,
673,Q106710675,,
674,Q106711984,,
675,Q106814748,,
676,Q106708002,,
677,Q106709992,,
678,Q106711361,,
679,Q10436468,,
680,Q106711994,,
682,Q106708323,,
683,Q106654612,,
684,Q106710163,,
685,Q104816563,,
687,Q106707633,,
688,Q106711373,,
689,Q106707733,,
692,Q106709411,,
693,Q106709106,,
695,Q106710758,,
696,Q106674038,,
698,Q106709089,,
699,Q106709117,,
700,Q106712221,,
701,Q106710494,,
702,Q106709719,,
706,Q106709943,,
707,Q106708434,,
708,Q106708280,,
709,Q10438281,,
711,Q106711378,,
712,Q32229841,,
714,Q106709152,,
715,Q106707504,,
719,Q106709170,,
720,Q106708871,,
721,Q106707806,,
722,Q106709060,,
725,Q106676276,,
729,Q106708658,,
730,Q106709374,,
731,Q107169335,,
732,Q106711896,,
733,Q106711930,,
734,Q106707983,,
736,Q106710771,,
741,Q5742505,,
743,Q106702050,,
745,Q106707528,,
746,Q106711334,,
750,Q106709365,,
752,Q106708805,,
754,Q106709065,,
755,Q106709088,,
756,Q106708555,,
757,Q106708949,,
767,Q106678576,,
768,Q106708387,,
771,Q106707119,,
772,Q106707625,,
775,Q106708109,,
776,Q106709940,,
778,Q3302169,,
783,Q106708215,,
784,Q106710246,,
785,Q106710696,,
787,Q106709310,,
788,Q106708025,,
790,Q106709702,,
795,Q106707605,,
796,Q96623606,,
799,Q106708676,,
801,Q106710473,,
805,Q107148783,,
815,Q106707016,,
816,Q106707752,,
817,Q106709174,,
820,Q106709477,,
822,Q106712244,,
828,Q106707521,,
830,Q106709478,,
831,Q106707057,,
836,Q106652649,,
844,Q106708083,,
848,Q106707652,,
849,Q106709169,,
850,Q106708860,,
855,Q106709786,,
858,Q106709485,,
859,Q106712310,,
860,Q106669725,,
862,Q106708023,,
864,Q106959447,,
869,Q106673646,,
870,Q106707696,,
872,Q106712126,,
873,Q106711047,,
877,Q106709728,,
881,Q106712073,,
883,Q106711784,,
884,Q106709686,,
885,Q106712247,,
889,Q106708496,,
891,Q106709173,,
893,Q106712292,,
894,Q106673746,,
895,Q106673765,,
896,Q106707709,,
898,Q106712100,,
901,Q107168317,,
906,Q106707699,,
907,Q106709486,,
912,Q106709469,,
915,Q106712306,,
920,Q106709393,,
921,Q106711011,,
924,Q106707745,,
925,Q106707746,,
926,Q106707747,,
929,Q106712199,,
932,Q106708934,,
934,Q106708850,,
936,Q106711878,,
937,Q106671699,,
939,Q106708237,,
942,Q106674010,,
943,Q106711056,,
946,Q106707707,,
947,Q106708662,,
948,Q106709952,,
951,Q106709382,,
955,Q106689637,,
956,Q106711967,,
957,Q106673668,,
958,Q106707647,,
959,Q106709488,,
960,Q106815608,,
965,Q106708580,,
968,Q106708738,,
970,Q106709124,,
971,Q106676572,,
972,Q106711761,,
973,Q106708791,,
974,Q106988666,,
981,Q106711991,,
982,Q32245059,,
983,Q106711948,,
986,Q106707760,,
987,Q106710211,,
988,Q106712230,,
989,Q106709208,,
991,Q106707127,,
993,Q106708082,,
995,Q107168281,,
996,Q106712256,,
999,Q106709756,,
1001,Q106712122,,
1002,Q106707025,,
1005,Q106708455,,
1006,Q106708792,,
1007,Q106708013,,
1010,Q106707123,,
1011,Q106707123,,
1015,Q106709140,,
1022,Q106702259,,
1023,Q106708582,,
1025,Q106710966,,
1028,Q106707964,,
1031,Q106710234,,
1032,Q106712313,,
1033,Q106707121,,
1034,Q106707121,,
1035,Q106672860,,
1038,Q106712044,,
1040,Q106710035,,
1042,Q106708648,,
1045,Q106657193,,
1052,Q106708817,,
1053,Q106711091,,
1055,Q106711988,,
1056,Q106711953,,
1057,Q106709163,,
1061,Q106712086,,
1062,Q107089985,,
1066,Q106815827,,
1067,Q106815827,,
1077,Q106710493,,
1078,Q106712071,,
1079,Q106711881,,
1080,Q106711990,,
1082,Q106709963,,
1083,Q106711931,,
1084,Q106707651,,
1086,Q106707943,,
1090,Q106708242,,
1094,Q106708946,,
1097,Q106708486,,
1098,Q106708961,,
1100,Q106707522,,
1102,Q106707927,,
1104,Q106706967,,
1105,Q106707520,,
1107,Q106694958,,
1109,Q106710756,,
1110,Q106709145,,
1111,Q106708766,,
1113,Q106708458,,
1115,Q106654139,,
1116,Q106654153,,
1118,Q106707827,,
1125,Q106988741,,
1126,Q106708768,,
1129,Q106709290,,
1134,Q106712314,,
1137,Q106708429,,
1138,Q106712301,,
1140,Q106707968,,
1142,Q106709754,,
1143,Q106706975,,
1146,Q106711940,,
1148,Q106711059,,
1151,Q106711423,,
1153,Q106708744,,
1155,Q106709707,,
1159,Q106709787,,
1164,Q106672336,,
1165,Q106708818,,
1166,Q106711937,,
1170,Q106659335,,
1171,Q106711879,,
1172,Q106711879,,
1174,Q106691604,,
1176,Q106654403,,
1177,Q106708525,,
1178,Q106707793,,
1179,Q106709691,,
1180,Q106712064,,
1182,Q106709082,,
1185,Q106708720,,
1187,Q106707736,,
1190,Q106707697,,
1191,Q106691589,,
1192,Q106711054,,
1194,Q106707848,,
1199,Q106706936,,
1200,Q106708578,,
1202,Q106712324,,
1203,Q106709490,,
1204,Q106707948,,
1208,Q106709956,,
1210,Q107022440,,
1212,Q106709492,,
1216,Q106858112,,
1217,Q106706954,,
1220,Q106712276,,
1222,Q106709128,,
1223,Q106712258,,
1224,Q106709339,,
1225,Q106710168,,
1227,Q10546597,,
1230,Q106709083,,
1231,Q106672373,,
1233,Q106712275,,
1235,Q106707705,,
1237,Q106707058,,
1240,Q106709761,,
1241,Q106709945,,
1242,Q106707955,,
1243,Q106712047,,
1244,Q106672025,,
1249,Q106708069,,
1250,Q106708938,,
1252,Q106712016,,
1253,Q106709277,,
1261,Q106708767,,
1262,Q106712167,,
1265,Q106975405,,
1267,Q106708931,,
1268,Q106670458,,
1270,Q106816431,,
1271,Q106708653,,
1280,Q106672775,,
1286,Q106706992,,
1291,Q106708450,,
1292,Q106966624,,
1294,Q106707753,,
1295,Q106707754,,
1296,Q106708204,,
1297,Q106709723,,
1299,Q106947945,,
1300,Q106710677,,
1303,Q106706968,,
1304,Q106707041,,
1305,Q106707156,,
1308,Q106708081,,
1309,Q106708219,,
1312,Q106711873,,
1313,Q106709175,,
1320,Q106711887,,
1324,Q106709279,,
1326,Q106709494,,
1327,Q106695584,,
1334,Q106687655,,
1341,Q106707627,,
1342,Q106707740,,
1344,Q106709011,,
1345,Q106653196,,
1346,Q106653196,,
1350,Q106708659,,
1352,Q106709534,,
1354,Q106707144,,
1357,Q106709969,,
1358,Q106709112,,
1360,Q106708714,,
1362,Q106711627,,
1369,Q106708947,,
1370,Q106708652,,
1371,Q106707137,,
1372,Q106708635,,
1374,Q106709404,,
1375,Q106669964,,
1379,Q106708688,,
1380,Q106706932,,
1382,Q106709984,,
1383,Q106707124,,
1384,Q106707124,,
1386,Q106709765,,
1387,Q106709495,,
1393,Q106654394,,
1399,Q106708883,,
1401,Q106708485,,
1402,Q106712277,,
1403,Q106707122,,
1404,Q106707122,,
1405,Q106707645,,
1406,Q106707043,,
1412,Q106709496,,
1413,Q106710463,,
1415,Q106664498,,
1418,Q106709059,,
1420,Q106709958,,
1422,Q106707139,,
1424,Q106710780,,
1428,Q106708771,,
1429,Q106708628,,
1430,Q106711342,,
1431,Q106712013,,
1432,Q56301944,,
1436,Q106709498,,
1438,Q6729649,,
1439,Q106707135,,
1440,Q106707015,,
1442,Q106709186,,
1444,Q106712317,,
1447,Q106708722,,
1450,Q106707525,,
1454,Q106708775,,
1459,Q106710020,,
1464,Q106708624,,
1465,Q106711305,,
1467,Q106708622,,
1468,Q106709412,,
1472,Q106707509,,
1476,Q106967058,,
1477,Q106708904,,
1479,Q106708046,,
1480,Q106709788,,
1487,Q106711865,,
1488,Q106988412,,
1489,Q106672570,,
1490,Q106672594,,
1491,Q106709178,,
1492,Q106707801,,
1495,Q10593146,,
1496,Q106708723,,
1497,Q106676995,,
1503,Q106709985,,
1509,Q106708950,,
1513,Q106705894,,
1515,Q106711355,,
1519,Q106708202,,
1524,Q106676198,,
1530,Q106708765,,
1531,Q106712123,,
1535,Q106711126,,
1536,Q106709010,,
1537,Q106845474,,
1539,Q106766151,,
1542,Q106707502,,
1545,Q106709506,,
1550,Q107092188,,
1551,Q106709264,,
1552,Q106709087,,
1555,Q106702298,,
1557,Q106670485,,
1558,Q106707140,,
1559,Q106709378,,
1562,Q106707781,,
1565,Q106711009,,
1570,Q106708052,,
1573,Q106708867,,
1574,Q106709181,,
1578,Q106709508,,
1583,Q106708217,,
1584,Q106708636,,
1585,Q106708318,,
1587,Q106708774,,
1588,Q106709068,,
1592,Q106707075,,
1593,Q106708886,,
1594,Q106653320,,
1595,Q106653320,,
1596,Q106709511,,
1603,Q106710688,,
1604,Q7128127,,
1606,Q106710183,,
1608,Q106708872,,
1611,Q1011996,,
1612,Q106707069,,
1613,Q106707510,,
1614,Q106707698,,
1616,Q7202399,,
1617,Q1026167,,
1619,Q107148717,,
1620,Q107148736,,
1621,Q107148937,,
1622,Q14906518,,
1623,Q106708632,,
1624,Q107148864,,
1625,Q107148668,,
1626,Q107148814,,
1627,Q3276579,,
1628,Q4968669,,
1631,Q106712270,,
1632,Q106709269,,
1634,Q106709513,,
1635,Q106706970,,
1636,Q106710504,,
1637,Q106702291,,
1638,Q106708560,,
1641,Q106708592,,
1644,Q106711760,,
1646,Q106707115,,
1648,Q107169469,,
1654,Q106708893,,
1655,Q10649652,,
1661,Q106689653,,
1663,Q106711715,,
1664,Q106707155,,
1665,Q106706944,,
1666,Q106670417,,
1669,Q107148743,,
1673,Q106712319,,
1676,Q10657715,,
1677,Q107203637,,
1679,Q106712119,,
1682,Q106712302,,
1683,Q106708529,,
1685,Q106709081,,
1686,Q106708980,,
1688,Q106960645,,
1690,Q107168875,,
1691,Q107168960,,
1694,Q106707131,,
1695,Q106708374,,
1698,Q106653524,,
1699,Q106707646,,
1701,Q106708742,,
1702,Q106707009,,
1703,Q106707649,,
1704,Q106707710,,
1708,Q106707129,,
1712,Q106711061,,
1713,Q106709025,,
1715,Q106816360,,
1717,Q106707640,,
1718,Q106687636,,
1719,Q106707142,,
1728,Q106710471,,
1729,Q106707858,,
1732,Q2220749,,
1735,Q106654517,,
1736,Q106707940,,
1742,Q106709783,,
1745,Q106655032,,
1746,Q106709094,,
1748,Q106708964,,
1749,Q106676180,,
1750,Q106708008,,
1753,Q106708678,,
1754,Q106708502,,
1758,Q106708780,,
1764,Q106709095,,
1768,Q106712294,,
1769,Q10662424,,
1772,Q106712005,,
1773,Q106706974,,
1780,Q106653377,,
1783,Q106708221,,
1784,Q106669938,,
1788,Q106709572,,
1789,Q106709069,,
1790,Q106711979,,
1793,Q106708645,,
1794,Q106712274,,
1795,Q106709514,,
1797,Q106710409,,
1799,Q106707703,,
1801,Q106708461,,
1802,Q106707063,,
1807,Q106710969,,
1808,Q106706787,,
1811,Q106709118,,
1814,Q106709515,,
1815,Q106707706,,
1817,Q106708699,,
1818,Q106707966,,
1819,Q106707014,,
1821,Q106706934,,
1823,Q106711390,,
1827,Q106707527,,
1828,Q106707954,,
1829,Q106708319,,
1830,Q106708048,,
1831,Q106707136,,
1833,Q106709517,,
1835,Q106709519,,
1836,Q106709521,,
1837,Q106709714,,
1843,Q106677606,,
1844,Q106711413,,
1845,Q106677565,,
1847,Q106710187,,
1848,Q106706976,,
1851,Q106708965,,
1852,Q106711722,,
1853,Q106711008,,
1856,Q106708526,,
1858,Q106708891,,
1860,Q106702268,,
1862,Q106709104,,
1863,Q106712108,,
1864,Q106707715,,
1865,Q106707526,,
1866,Q106712077,,
1872,Q106656200,,
1873,Q106671870,,
1875,Q106657251,,
1877,Q106816565,,
1882,Q106708724,,
1883,Q106708724,,
1884,Q106677211,,
1886,Q106707007,,
1890,Q106709929,,
1891,Q26253111,,
1893,Q106654887,,
1898,Q106712272,,
1902,Q106677011,,
1904,Q106711957,,
1905,Q106708110,,
1907,Q106711359,,
1908,Q106708870,,
1912,Q10678411,,
1914,Q106687473,,
1916,Q106712283,,
1922,Q106707867,,
1924,Q106678832,,
1931,Q106707861,,
1932,Q106707052,,
1933,Q106707010,,
1934,Q106653616,,
1936,Q106707648,,
1937,Q106707628,,
1942,Q106706972,,
1943,Q106712140,,
1944,Q106707163,,
1950,Q106709096,,
1952,Q106709275,,
1954,Q106709381,,
1956,Q106656340,,
1958,Q106709721,,
1960,Q106710506,,
1961,Q106712006,,
1963,Q106673492,,
1965,Q106702250,,
1966,Q106702279,,
1967,Q106711652,,
1968,Q106673720,,
1969,Q106712304,,
1972,Q106709700,,
1975,Q106709283,,
1984,Q106678770,,
1992,Q106709149,,
1993,Q106710181,,
1995,Q21044846,,
1996,Q21044846,,
1997,Q106670434,,
1999,Q106708649,,
2000,Q106710209,,
2001,Q106677306,,
2002,Q106709166,,
2003,Q106708650,,
2004,Q106708218,,
2009,Q106708010,,
2011,Q106677028,,
2012,Q106710441,,
2013,Q106707143,,
2014,Q106711380,,
2018,Q10684770,,
2019,Q106814787,,
2021,Q106712066,,
2023,Q106709097,,
2028,Q106708191,,
2029,Q106687167,,
2031,Q106708725,,
2032,Q106709408,,
2033,Q106708595,,
2034,Q106711352,,
2035,Q106672400,,
2037,Q106708222,,
2038,Q106710798,,
2041,Q106654701,,
2044,Q106711939,,
2047,Q106687137,,
2052,Q106707846,,
2053,Q106708661,,
2056,Q106962860,,
2057,Q106709699,,
2058,Q106712198,,
2059,Q106709526,,
2062,Q106857935,,
2064,Q106956652,,
2069,Q106708313,,
2072,Q106706996,,
2074,Q106653712,,
2077,Q106708223,,
2079,Q106712303,,
2080,Q106711754,,
2081,Q106656179,,
2084,Q106708510,,
2085,Q10698978,,
2086,Q106707869,,
2088,Q26197228,,
2089,Q106669776,,
2093,Q106712127,,
2100,Q106709367,,
2101,Q106676547,,
2104,Q106708591,,
2106,Q106708596,,
2109,Q106707054,,
2111,Q106707704,,
2117,Q56300676,,
2121,Q106669765,,
2128,Q106920628,,
2129,Q106708777,,
2130,Q106707708,,
2131,Q106709204,,
2132,Q106707957,,
2134,Q106711298,,
2136,Q106676711,,
2137,Q49325087,,
2138,Q106712012,,
2140,Q106709377,,
2144,Q106708598,,
2146,Q106711651,,
2147,Q106709527,,
2149,Q106708022,,
2152,Q106704485,,
2155,Q106709529,,
2157,Q104809094,,
2161,Q106707120,,
2162,Q25288323,,
2164,Q106709270,,
2165,Q106707702,,
2168,Q106676563,,
2173,Q10712818,,
2176,Q106711945,,
2177,Q106816470,,
2181,Q106707133,,
2183,Q106672431,,
2184,Q106707523,,
2187,Q106709530,,
2188,Q106710507,,
2189,Q106712041,,
2195,Q106706955,,
2197,Q106711989,,
2198,Q106711357,,
2200,Q106712233,,
2201,Q106709400,,
2207,Q106656080,,
2211,Q106707083,,
2212,Q106709561,,
2214,Q107015183,,
2216,Q106710443,,
2218,Q106708600,,
2220,Q106707711,,
2221,Q106712124,,
2222,Q106656413,,
2226,Q106708911,,
2227,Q106712169,,
2228,Q106669891,,
2230,Q106654162,,
2232,Q106709090,,
2233,Q106709086,,
2235,Q106709532,,
2238,Q106709201,,
2239,Q106709942,,
2242,Q106708939,,
2244,Q106706951,,
2246,Q106711997,,
2247,Q106712101,,
2248,Q106709278,,
2251,Q106708952,,
2254,Q106671656,,
2255,Q106671656,,
2260,Q106712110,,
2263,Q106712323,,
2265,Q106708076,,
2267,Q106707720,,
2268,Q106708195,,
2269,Q106709380,,
2270,Q106708972,,
2271,Q106711093,,
2272,Q106707186,,
2273,Q106708433,,
2274,Q106707809,,
2275,Q106708310,,
2276,Q106711944,,
2277,Q106708399,,
2278,Q106709133,,
2279,Q106708378,,
2280,Q106711719,,
2281,Q106709006,,
2282,Q106709401,,
2283,Q106707086,,
2284,Q106707159,,
2285,Q106710487,,
2286,Q106711961,,
2287,Q106712148,,
2288,Q106709331,,
2289,Q106712015,,
2290,Q106708787,,
2291,Q106711350,,
2292,Q106710776,,
2293,Q106711889,,
2294,Q106707183,,
2295,Q106712062,,
2296,Q106712008,,
2297,Q106708752,,
2298,Q106708449,,
2299,Q106709123,,
2300,Q106709368,,
2301,Q106711970,,
2302,Q106710459,,
2303,Q106708211,,
2304,Q106708059,,
2305,Q106711853,,
2306,Q106709387,,
2307,Q106708812,,
2308,Q106712131,,
2309,Q106708890,,
2310,Q106712000,,
2311,Q106708889,,
2312,Q106708861,,
2313,Q106710497,,
2314,Q106707089,,
2315,Q106709356,,
2316,Q106709246,,
2317,Q106711721,,
2318,Q106712134,,
2319,Q106711084,,
2320,Q106707024,,
2321,Q106707776,,
2322,Q106711418,,
2323,Q106709712,,
2324,Q106708322,,
2325,Q106711043,,
2326,Q106709684,,
2327,Q106709177,,
2328,Q106708468,,
2329,Q106709141,,
2330,Q106708331,,
2331,Q106708060,,
2332,Q106708214,,
2333,Q106710461,,
2334,Q106709398,,
2335,Q106710175,,
2336,Q106708012,,
2337,Q106709058,,
2338,Q106712046,,
2339,Q106711963,,
2340,Q106709210,,
2341,Q106708326,,
2343,Q106712132,,
2344,Q106709001,,
2345,Q106708212,,
2346,Q106708973,,
2347,Q106711874,,
2348,Q106711676,,
2349,Q106708970,,
2350,Q106709266,,
2351,Q106708849,,
2352,Q106708216,,
2353,Q106711918,,
2354,Q106708457,,
2355,Q106707775,,
2356,Q106707803,,
2358,Q106708556,,
2359,Q106709291,,
2360,Q106708813,,
2361,Q106712040,,
2362,Q106707032,,
2364,Q106709028,,
2365,Q106710034,,
2366,Q106708436,,
2367,Q106711647,,
2368,Q106707798,,
2369,Q106708437,,
2370,Q106711656,,
2371,Q106710214,,
2372,Q106710231,,
2373,Q106709391,,
2374,Q106709130,,
2375,Q106707642,,
2376,Q106708168,,
2377,Q106711922,,
2378,Q106711296,,
2379,Q106708079,,
2380,Q106711089,,
2381,Q106708888,,
2382,Q106707984,,
2383,Q106707985,,
2384,Q106708834,,
2385,Q106706997,,
2386,Q106707990,,
2387,Q106707991,,
2388,Q106708753,,
2389,Q106708321,,
2390,Q106708438,,
2391,Q106708490,,
2392,Q106709342,,
2393,Q106708990,,
2394,Q106711980,,
2395,Q106711657,,
2396,Q106712203,,
2397,Q106712201,,
2398,Q106708227,,
2399,Q106708807,,
2400,Q106710233,,
2401,Q106712075,,
2402,Q106707160,,
2403,Q106710173,,
2404,Q106707988,,
2405,Q106712171,,
2406,Q106707540,,
2407,Q106709337,,
2408,Q106709324,,
2409,Q106709111,,
2410,Q106670562,,
2411,Q106709341,,
2412,Q106709320,,
2413,Q106708845,,
2414,Q106707538,,
2415,Q106708391,,
2416,Q106707800,,
2417,Q106711416,,
2418,Q106708299,,
2419,Q106709329,,
2420,Q106711927,,
2421,Q106708470,,
2422,Q106708517,,
2423,Q106712035,,
2424,Q106709251,,
2425,Q106709344,,
2426,Q106708193,,
2427,Q106708075,,
2428,Q106708014,,
2429,Q106708129,,
2430,Q106708477,,
2431,Q106708466,,
2432,Q106708465,,
2433,Q106708456,,
2434,Q106707796,,
2435,Q106707118,,
2436,Q106708288,,
2437,Q106708535,,
2438,Q106707725,,
2439,Q106711864,,
2440,Q106708975,,
2441,Q106709120,,
2442,Q106708122,,
2443,Q106711929,,
2444,Q106708044,,
2445,Q106707727,,
2446,Q106709567,,
2447,Q106708073,,
2448,Q106707989,,
2449,Q106711097,,
2450,Q106709063,,
2451,Q106708407,,
2452,Q106711685,,
2453,Q106708049,,
2454,Q106711620,,
2456,Q106707097,,
2457,Q106707765,,
2458,Q106708639,,
2459,Q106711687,,
2460,Q106708015,,
2461,Q106711987,,
2462,Q106712067,,
2463,Q106711861,,
2464,Q106709327,,
2465,Q106707033,,
2466,Q106708462,,
2467,Q106711941,,
2468,Q106708856,,
2469,Q106708761,,
2470,Q106708135,,
2471,Q106707613,,
2472,Q106707614,,
2473,Q106709240,,
2474,Q106709694,,
2475,Q106708976,,
2476,Q106708370,,
2477,Q106711786,,
2478,Q106709198,,
2479,Q106711693,,
2480,Q106711691,,
2481,Q106707768,,
2482,Q106711119,,
2483,Q106711124,,
2484,Q106708803,,
2485,Q106709019,,
2486,Q106707976,,
2487,Q106707085,,
2488,Q106709705,,
2489,Q106708563,,
2490,Q106708565,,
2491,Q106706965,,
2492,Q106708506,,
2493,Q106709076,,
2494,Q106707770,,
2495,Q106707090,,
2496,Q106707091,,
2497,Q106707092,,
2498,Q106707096,,
2499,Q106710448,,
2500,Q106708440,,
2501,Q106709353,,
2502,Q106708416,,
2503,Q106707026,,
2504,Q106711455,,
2505,Q106712045,,
2506,Q106711996,,
2507,Q106711888,,
2508,Q106708558,,
2509,Q106707114,,
2510,Q106707516,,
2511,Q106708131,,
2512,Q106711678,,
2513,Q106708743,,
2514,Q106710016,,
2515,Q106708623,,
2516,Q106711901,,
2517,Q106707027,,
2518,Q106707003,,
2519,Q106710446,,
2520,Q106707774,,
2521,Q106709993,,
2522,Q106709029,,
2523,Q106710435,,
2524,Q106708236,,
2525,Q106709168,,
2526,Q106709054,,
2527,Q106708854,,
2528,Q106708138,,
2529,Q106708794,,
2530,Q106707799,,
2531,Q106707758,,
2532,Q106708130,,
2533,Q106711895,,
2534,Q106708471,,
2535,Q106709336,,
2536,Q106711914,,
2537,Q106710235,,
2538,Q106709187,,
2539,Q106710206,,
2540,Q106708862,,
2541,Q106709147,,
2542,Q106711041,,
2543,Q106710783,,
2544,Q106708157,,
2545,Q106710454,,
2546,Q106709022,,
2547,Q106708643,,
2548,Q106708441,,
2549,Q106707600,,
2550,Q106707028,,
2551,Q106711310,,
2552,Q106707006,,
2553,Q106709352,,
2554,Q106709328,,
2555,Q106710431,,
2556,Q106709191,,
2557,Q106712096,,
2558,Q106709332,,
2559,Q106710773,,
2560,Q106708139,,
2561,Q106711682,,
2562,Q106710164,,
2563,Q106708910,,
2564,Q106711934,,
2565,Q106707828,,
2566,Q106707759,,
2567,Q106708325,,
2568,Q106709476,,
2569,Q106708750,,
2570,Q106710148,,
2571,Q106708997,,
2572,Q106707778,,
2573,Q106711900,,
2574,Q106709385,,
2575,Q106711347,,
2576,Q106708128,,
2577,Q106712196,,
2578,Q106711902,,
2579,Q106711631,,
2580,Q106708415,,
2581,Q106708414,,
2582,Q106708992,,
2583,Q106708306,,
2584,Q106707612,,
2585,Q106707617,,
2586,Q106707773,,
2587,Q106707533,,
2588,Q106709002,,
2589,Q106707093,,
2590,Q106708998,,
2591,Q106709330,,
2592,Q106709195,,
2593,Q106708472,,
2594,Q106709321,,
2595,Q106708566,,
2597,Q106709064,,
2598,Q106711875,,
2599,Q106707810,,
2600,Q106708077,,
2601,Q106711942,,
2602,Q106711860,,
2603,Q106711303,,
2604,Q106708068,,
2605,Q106709129,,
2606,Q106711876,,
2607,Q106709350,,
2608,Q106712219,,
2611,Q106708508,,
2612,Q106708289,,
2613,Q106707763,,
2614,Q106711858,,
2615,Q106712320,,
2617,Q106707726,,
2618,Q106709061,,
2619,Q106711951,,
2620,Q106707795,,
2621,Q106708430,,
2622,Q106711921,,
2623,Q106707986,,
2625,Q106710180,,
2626,Q106710171,,
2628,Q106709193,,
2629,Q106707517,,
2630,Q106709397,,
2631,Q106708484,,
2632,Q106708006,,
2633,Q106708402,,
2634,Q106708776,,
2635,Q106707764,,
2636,Q106708569,,
2637,Q106708291,,
2638,Q106709289,,
2639,Q106708420,,
2640,Q106707930,,
2641,Q106707851,,
2643,Q106708355,,
2644,Q106708187,,
2645,Q106709196,,
2646,Q106712001,,
2647,Q106712068,,
2648,Q106709261,,
2649,Q106709322,,
2650,Q106706963,,
2651,Q106710456,,
2652,Q106711094,,
2653,Q106708061,,
2654,Q106712020,,
2655,Q106711331,,
2656,Q106712194,,
2657,Q106708308,,
2658,Q106708507,,
2659,Q106708516,,
2660,Q106709405,,
2661,Q106708170,,
2662,Q106708197,,
2663,Q106709363,,
2664,Q106710238,,
2665,Q106709031,,
2666,Q106711892,,
2667,Q106708749,,
2668,Q106708487,,
2669,Q106708417,,
2670,Q106681404,,
2671,Q106709056,,
2672,Q106709351,,
2673,Q106709354,,
2674,Q106709049,,
2675,Q106711015,,
2676,Q106707842,,
2677,Q106711332,,
2678,Q106711969,,
2679,Q106708120,,
2680,Q106707772,,
2681,Q106710464,,
2682,Q106709243,,
2683,Q106709030,,
2684,Q106708835,,
2685,Q106712136,,
2686,Q106708442,,
2687,Q106708824,,
2688,Q106708825,,
2689,Q106708226,,
2690,Q106709142,,
2692,Q106711626,,
2693,Q106710753,,
2694,Q106708419,,
2695,Q106708887,,
2696,Q106708570,,
2697,Q106708327,,
2698,Q106708453,,
2699,Q106707992,,
2700,Q106711913,,
2701,Q106708300,,
2702,Q106707511,,
2703,Q106707963,,
2704,Q106712052,,
2705,Q106708989,,
2706,Q106709564,,
2707,Q106712018,,
2708,Q106711886,,
2710,Q106709107,,
2711,Q106710024,,
2712,Q106710025,,
2713,Q106710027,,
2714,Q106710975,,
2715,Q106711986,,
2716,Q106706961,,
2717,Q106709333,,
2718,Q106709171,,
2719,Q106707767,,
2720,Q106711935,,
2722,Q106708837,,
2723,Q106708557,,
2724,Q106707932,,
2725,Q106711384,,
2726,Q106708443,,
2727,Q106710178,,
2728,Q106708754,,
2729,Q106709396,,
2730,Q106707616,,
2731,Q106709004,,
2732,Q106707050,,
2733,Q106709209,,
2734,Q106709392,,
2735,Q106708117,,
2736,Q106711308,,
2737,Q106709248,,
2738,Q106708828,,
2739,Q106711128,,
2740,Q106712103,,
2741,Q106708473,,
2742,Q106711938,,
2743,Q106709334,,
2744,Q106709113,,
2745,Q106708111,,
2746,Q106707002,,
2747,Q106708820,,
2748,Q106707960,,
2749,Q106707961,,
2750,Q106707962,,
2751,Q106707641,,
2752,Q106709570,,
2753,Q106708362,,
2755,Q106707841,,
2756,Q106708483,,
2757,Q106709369,,
2758,Q106709316,,
2759,Q106706999,,
2760,Q106711894,,
2761,Q106709961,,
2762,Q106710445,,
2763,Q106709109,,
2764,Q106709000,,
2765,Q106687365,,
2766,Q106708394,,
2767,Q106709338,,
2768,Q106708467,,
2769,Q106709249,,
2770,Q106712271,,
2771,Q106710429,,
2772,Q106712084,,
2773,Q106708373,,
2774,Q106709388,,
2775,Q106708785,,
2776,Q106709263,,
2777,Q106681463,,
2778,Q106708302,,
2779,Q106711926,,
2780,Q106711313,,
2782,Q106711998,,
2783,Q106708371,,
2784,Q106710208,,
2785,Q106708125,,
2786,Q106687350,,
2787,Q106709050,,
2789,Q106709051,,
2790,Q106710240,,
2792,Q106709386,,
2793,Q106708281,,
2794,Q106708123,,
2795,Q106710750,,
2796,Q106708303,,
2797,Q106707084,,
2798,Q106706962,,
2799,Q106707644,,
2800,Q106708859,,
2802,Q106708444,,
2804,Q106708405,,
2805,Q106708445,,
2806,Q106708469,,
2807,Q106711947,,
2808,Q106708330,,
2809,Q106707141,,
2810,Q106712112,,
2811,Q106711975,,
2812,Q106711386,,
2813,Q106708995,,
2814,Q106708994,,
2815,Q106708996,,
2816,Q106708907,,
2817,Q106707601,,
2818,Q106708930,,
2819,Q106708788,,
2820,Q106708821,,
2821,Q106709126,,
2822,Q106709127,,
2823,Q106707112,,
2824,Q106707113,,
2825,Q106707036,,
2826,Q106707536,,
2828,Q106710782,,
2829,Q106709323,,
2830,Q106710165,,
2831,Q106706960,,
2832,Q106711683,,
2833,Q106708520,,
2834,Q106711917,,
2836,Q106712085,,
2837,Q106708140,,
2838,Q106708320,,
2839,Q106708827,,
2840,Q106708360,,
2841,Q106712003,,
2842,Q106708464,,
2843,Q106711862,,
2844,Q106710150,,
2845,Q106707071,,
2846,Q106707766,,
2847,Q106708024,,
2848,Q106712128,,
2849,Q106708375,,
2850,Q106707000,,
2851,Q106707021,,
2852,Q106707022,,
2853,Q106710670,,
2854,Q106709402,,
2855,Q106708127,,
2856,Q106709355,,
2857,Q106710466,,
2858,Q106708863,,
2859,Q106708974,,
2860,Q106709577,,
2861,Q106711883,,
2862,Q106708851,,
2863,Q106708016,,
2864,Q106709348,,
2865,Q106710469,,
2866,Q106707148,,
2867,Q106708488,,
2868,Q106709057,,
2869,Q106707722,,
2870,Q106712149,,
2871,Q106708625,,
2872,Q106710199,,
2873,Q106708966,,
2874,Q106707935,,
2875,Q106707934,,
2877,Q106707839,,
2878,Q106709188,,
2879,Q106709281,,
2880,Q106709315,,
2881,Q106708142,,
2882,Q106707967,,
2883,Q106707987,,
2884,Q106711622,,
2885,Q106708955,,
2886,Q106708298,,
2887,Q106711904,,
2888,Q106707854,,
2889,Q106711936,,
2891,Q106707856,,
2892,Q106707756,,
2893,Q106711905,,
2894,Q106707149,,
2895,Q106709197,,
2896,Q106708841,,
2897,Q106708056,,
2898,Q106708017,,
2899,Q106708410,,
2900,Q106712007,,
2901,Q106710785,,
2902,Q106710483,,
2904,Q106708838,,
2905,Q106707535,,
2906,Q106709959,,
2908,Q106708446,,
2909,Q106708572,,
2910,Q106708573,,
2911,Q106708447,,
2913,Q106710479,,
2914,Q106708784,,
2915,Q106708783,,
2916,Q106707975,,
2918,Q106707840,,
2919,Q106707513,,
2920,Q106708574,,
2921,Q106711885,,
2922,Q106707829,,
2923,Q106710008,,
2924,Q106707152,,
2925,Q106707916,,
2926,Q106708290,,
2927,Q106708638,,
2928,Q106708134,,
2929,Q106709394,,
2930,Q106708751,,
2931,Q106709053,,
2932,Q106710492,,
2933,Q106708475,,
2934,Q106708072,,
2935,Q106708439,,
2936,Q106710242,,
2937,Q106708113,,
2938,Q106708782,,
2939,Q106707853,,
2940,Q106708051,,
2941,Q106708435,,
2942,Q106708843,,
2943,Q106708844,,
2944,Q106709364,,
2945,Q106709326,,
2946,Q106710176,,
2947,Q106711999,,
2948,Q106708213,,
2949,Q106708356,,
2950,Q106709285,,
2951,Q106708855,,
2952,Q106707615,,
2953,Q106707855,,
2954,Q106711451,,
2955,Q106708826,,
2956,Q106710748,,
2957,Q106709288,,
2958,Q106707067,,
2959,Q106709073,,
2960,Q106709286,,
2961,Q106712322,,
2962,Q106709557,,
2963,Q106712099,,
2964,Q106708680,,
2965,Q106708681,,
2967,Q106706998,,
2968,Q106708999,,
2969,Q106709020,,
2970,Q106708369,,
2971,Q106712095,,
2972,Q106709383,,
2973,Q106677623,,
2974,Q106707008,,
2975,Q106707053,,
2976,Q106710152,,
2977,Q106708301,,
2978,Q106711972,,
2979,Q106711859,,
2980,Q106708133,,
2981,Q106708836,,
2982,Q106708758,,
2983,Q106708463,,
2984,Q106707531,,
2985,Q106708050,,
2986,Q106708711,,
2987,Q106708559,,
2988,Q106709052,,
2989,Q106711855,,
2990,Q106708364,,
2991,Q106708173,,
2992,Q106708759,,
2993,Q106708287,,
2994,Q106708411,,
2995,Q106708282,,
2996,Q106709080,,
2997,Q106711863,,
2998,Q106707180,,
2999,Q106710032,,
3000,Q106708474,,
3001,Q106708161,,
3002,Q106711899,,
3003,Q106709026,,
3004,Q106708571,,
3005,Q106709318,,
3006,Q106708057,,
3007,Q106710154,,
3008,Q106710973,,
3009,Q106708769,,
3010,Q106709122,,
3012,Q106710747,,
3013,Q106709966,,
3014,Q106707838,,
3015,Q106709241,,
3016,Q106710745,,
3017,Q106709466,,
3018,Q106709464,,
3019,Q106711897,,
3020,Q106709390,,
3021,Q106708000,,
3022,Q106712147,,
3023,Q106707965,,
3024,Q106707998,,
3025,Q106707995,,
3026,Q106707997,,
3027,Q106710200,,
3028,Q106708317,,
3029,Q106709265,,
3030,Q106708745,,
3031,Q106709245,,
3032,Q106709116,,
3033,Q106707184,,
3034,Q106707161,,
3035,Q106708521,,
3036,Q106708853,,
3037,Q106708165,,
3038,Q106709358,,
3039,Q106710490,,
3040,Q106710485,,
3041,Q106708114,,
3042,Q106711973,,
3043,Q106711915,,
3044,Q106707158,,
3045,Q106707794,,
3046,Q106711912,,
3047,Q106707769,,
3048,Q106710243,,
3049,Q106708432,,
3050,Q106708078,,
3051,Q106710170,,
3052,Q106708519,,
3053,Q106707182,,
3054,Q106708346,,
3055,Q106711923,,
3056,Q106707807,,
3057,Q106707088,,
3058,Q106707087,,
3059,Q106708144,,
3060,Q106711919,,
3061,Q106707779,,
3062,Q106707981,,
3063,Q106708511,,
3064,Q106708351,,
3065,Q106711751,,
3066,Q106712043,,
3067,Q106707830,,
3068,Q106708063,,
3069,Q106710155,,
3070,Q106708358,,
3071,Q106710977,,
3072,Q106711756,,
3073,Q106707643,,
3074,Q106708064,,
3075,Q106710157,,
3076,Q106707147,,
3077,Q106709317,,
3078,Q106708848,,
3079,Q106708991,,
3081,Q106712205,,
3082,Q106709136,,
3083,Q106707537,,
3084,Q106708304,,
3085,Q106708993,,
3086,Q106711872,,
3087,Q106711644,,
3088,Q106706966,,
3089,Q106710774,,
3090,Q106707837,,
3091,Q106711870,,
3092,Q106707095,,
3093,Q106708641,,
3094,Q106708829,,
3095,Q106710962,,
3096,Q106708224,,
3097,Q106708840,,
3098,Q106710158,,
3099,Q106711725,,
3100,Q106707507,,
3101,Q106708210,,
3102,Q106709144,,
3103,Q106709125,,
3104,Q106708220,,
3105,Q106711985,,
3106,Q106711950,,
3107,Q106710418,,
3108,Q106708071,,
3109,Q106708489,,
3110,Q106708476,,
3111,Q106708329,,
3112,Q106708019,,
3113,Q106707610,,
3114,Q106707611,,
3115,Q106710029,,
3116,Q106711649,,
3117,Q106709202,,
3118,Q106709139,,
3119,Q106707154,,
3120,Q106709242,,
3121,Q106708058,,
3122,Q106709403,,
3123,Q106708762,,
3124,Q106708421,,
3125,Q106710010,,
3126,Q106708968,,
3127,Q106712141,,
3129,Q106711978,,
3130,Q106709172,,
3131,Q106673688,,
3132,Q106708292,,
3133,Q106709319,,
3134,Q106711306,,
3135,Q106710666,,
3136,Q106708801,,
3137,Q106712116,,
3139,Q106710162,,
3140,Q106709021,,
3141,Q106708960,,
3142,Q106708005,,
3143,Q106709399,,
3144,Q106708007,,
3145,Q106711717,,
3146,Q106708043,,
3147,Q106708021,,
3148,Q106709134,,
3149,Q106710248,,
3150,Q106709410,,
3151,Q106709409,,
3152,Q106709074,,
3153,Q106710731,,
3154,Q106709190,,
3155,Q106708969,,
3156,Q106708979,,
3157,Q106712009,,
3159,Q106708228,,
3161,Q106708929,,
3162,Q106712037,,
3163,Q106712038,,
3164,Q106708823,,
3165,Q106709349,,
3166,Q106707836,,
3167,Q106708448,,
3168,Q106708311,,
3169,Q106712143,,
3170,Q106708305,,
3171,Q106707994,,
3172,Q106708852,,
3173,Q106709282,,
3174,Q106709250,,
3175,Q106712118,,
3176,Q106708067,,
3177,Q106708309,,
3178,Q106708065,,
3179,Q106708285,,
3180,Q106709105,,
3181,Q106710202,,
3182,Q106712318,,
3183,Q106673465,,
3184,Q106708284,,
3185,Q106709078,,
3186,Q106707505,,
3187,Q106711415,,
3188,Q106711301,,
3189,Q106712034,,
3190,Q106708500,,
3191,Q106710729,,
3192,Q106712106,,
3193,Q106707038,,
3194,Q106711946,,
3195,Q106708514,,
3196,Q106708513,,
3197,Q106711422,,
3198,Q106708229,,
3199,Q106708231,,
3200,Q106708230,,
3201,Q106710964,,
3202,Q106711052,,
3203,Q106711645,,
3205,Q106711707,,
3206,Q106711708,,
3207,Q106708418,,
3208,Q106709108,,
3209,Q106709135,,
3210,Q106708286,,
3211,Q106709347,,
3212,Q106708158,,
3213,Q106707847,,
3214,Q106710486,,
3215,Q106710728,,
3216,Q106708192,,
3217,Q106708118,,
3218,Q106712138,,
3219,Q106708136,,
3220,Q106708756,,
3221,Q106708349,,
3222,Q106711995,,
3223,Q106708977,,
3224,Q106709146,,
3225,Q106707771,,
3227,Q106708642,,
3228,Q106709072,,
3229,Q106708132,,
3230,Q106708786,,
3231,Q106708971,,
3232,Q106709032,,
3233,Q106708121,,
3234,Q106708802,,
3235,Q106710412,,
3236,Q106710437,,
3237,Q106710439,,
3238,Q106710407,,
3239,Q106710404,,
3240,Q106709098,,
3241,Q106672817,,
3244,Q107184410,,
3245,Q107184410,,
3246,Q106708610,,
3248,Q106707860,,
3250,Q106708726,,
3252,Q106814682,,
3256,Q106709179,,
3258,Q106707530,,
3259,Q106707724,,
3262,Q106708528,,
3267,Q106707700,,
3269,Q106656608,,
3270,Q106656608,,
3271,Q106709280,,
3275,Q106708495,,
3277,Q106707524,,
3279,Q106709256,,
3280,Q106709930,,
3284,Q106708531,,
3285,Q107168967,,
3287,Q106711893,,
3288,Q106687370,,
3289,Q10727537,,
3291,Q106653304,,
3293,Q18202436,,
3296,Q106707941,,
3297,Q106665592,,
3307,Q106710694,,
